{
    "rouge-1": {
        "f": 0.9358247973840935,
        "p": 0.9383170143090173,
        "r": 0.9355459058174173
    },
    "rouge-3": {
        "f": 0.8343576572134311,
        "p": 0.8363507489364187,
        "r": 0.8345083056948794
    },
    "rouge-2": {
        "f": 0.8830404995053738,
        "p": 0.8855787266615025,
        "r": 0.8828018214806317
    },
    "rouge-l": {
        "f": 0.9316930144257904,
        "p": 0.9341895496157216,
        "r": 0.9313849443265891
    },
    "rouge-w": {
        "f": 0.9316930144257904,
        "p": 0.9341895496157216,
        "r": 0.9313849443265891
    }
}