{
    "rouge-3": {
        "f": 0.7707942162112359,
        "p": 0.774036488134748,
        "r": 0.7707410816286916
    },
    "rouge-1": {
        "f": 0.9067424145534311,
        "p": 0.9105455135604154,
        "r": 0.9063215352227191
    },
    "rouge-2": {
        "f": 0.8355544295735161,
        "p": 0.839247327188534,
        "r": 0.8352784329761148
    },
    "rouge-l": {
        "f": 0.9022138324333101,
        "p": 0.9059701082191802,
        "r": 0.9018044894667393
    },
    "rouge-w": {
        "f": 0.9022138324333101,
        "p": 0.9059701082191802,
        "r": 0.9018044894667393
    }
}